{
  "css/style.css": 1753785739264,
  "i18n/i18n_fr_FR.properties": 1754311447269,
  "i18n/i18n_en.properties": 1754311449545,
  "i18n/i18n.properties": 1753785739256,
  "manifest.json": 1754310923344,
  "controller/View1.controller.js": 1754311227488,
  "controller/ListReport.controller.js": 1753821262846,
  "controller/App.controller.js": 1754311205636,
  "model/models.js": 1753785739260,
  "Component.js": 1753785739256,
  "controller/App-dbg.controller.js": 1754311205636,
  "controller/App.controller.js.map": 1754311565490,
  "controller/ListReport-dbg.controller.js": 1753821262846,
  "controller/ListReport.controller.js.map": 1754311565491,
  "controller/View1-dbg.controller.js": 1754311227488,
  "controller/View1.controller.js.map": 1754311565489,
  "model/models-dbg.js": 1753785739260,
  "model/models.js.map": 1754311565489,
  "Component-dbg.js": 1753785739256,
  "Component.js.map": 1754311565492,
  "Component-preload.js": 1754311565703,
  "Component-preload.js.map": 1754311565703,
  "view/View1.view.xml": 1754309301445,
  "view/ListReport.view.xml": 1754308676640,
  "view/App.view.xml": 1754311156472,
  "i18n/i18n_fr.properties": 1754311445957,
  "index.html": 1753785739256
}